movie_id,title,genre,director,cast,overview,rating,release_year,poster_url
1,3 Idiots,Comedy Drama Romance,Rajkumar Hirani,Aamir Khan Kareena Kapoor R. Madhavan Sharman Joshi Boman Irani,"Rascal. Joker. Dreamer. Genius... You've never met a college student quite like ""Rancho."" From the moment he arrives at India's most prestigious university, Rancho's outlandish schemes turn the campus upside down—along with the lives of his two newfound best friends. Together, they make life miserable for ""Virus,"" the school’s uptight and heartless dean. But when Rancho catches the eye of the dean's daughter, Virus sets his sights on flunking out the ""3 idiots"" once and for all.",8.0,2009,https://image.tmdb.org/t/p/w500/66A9MqXOyVFCssoloscw79z8Tew.jpg
2,Dangal,Biography Drama Sport,Nitesh Tiwari,Aamir Khan Fatima Sana Shaikh Sanya Malhotra Sakshi Tanwar,Former wrestler Mahavir Singh Phogat and his two wrestler daughters struggle towards glory at the Commonwealth Games in the face of societal oppression.,8.3,2016,https://image.tmdb.org/t/p/w500/cJRPOLEexI7qp2DKtFfCh7YaaUG.jpg
3,Sholay,Action Adventure Drama,Ramesh Sippy,Amitabh Bachchan Dharmendra Hema Malini Jaya Bachchan Sanjeev Kumar Amjad Khan,"After his family is slain by notorious bandit Gabbar Singh, former Inspector Thakur Baldev Singh enlists low-level outlaws Jai and Veeru to capture Gabbar and seek revenge.",7.1,1975,https://image.tmdb.org/t/p/w500/ya9bwgqA4eNl5bQ9QqS0jcmRoBS.jpg
4,Dilwale Dulhania Le Jayenge,Drama Romance Musical,Aditya Chopra,Shah Rukh Khan Kajol Amrish Puri Anupam Kher Farida Jalal,"Raj is a rich, carefree, happy-go-lucky second generation NRI. Simran is the daughter of Chaudhary Baldev Singh, who in spite of being an NRI is very strict about adherence to Indian values. Simran has left for India to be married to her childhood fiancé. Raj leaves for India with a mission at his hands, to claim his lady love under the noses of her whole family. Thus begins a saga.",8.5,1995,https://image.tmdb.org/t/p/w500/lfRkUr7DYdHldAqi3PwdQGBRBPM.jpg
5,Taare Zameen Par,Drama Family,Aamir Khan Amole Gupte,Aamir Khan Darsheel Safary Tisca Chopra Vipin Sharma,"Ishaan Awasthi is an eight-year-old whose world is filled with wonders that no one else seems to appreciate. Colours, fish, dogs, and kites don't seem important to the adults, who are much more interested in things like homework, marks, and neatness. Ishaan cannot seem to get anything right in class; he is then sent to boarding school, where his life changes forever.",8.0,2007,https://image.tmdb.org/t/p/w500/puHRt6Raovm5ujGCdwLWvRv4NHU.jpg
6,Lagaan,Drama Musical Sport,Ashutosh Gowariker,Aamir Khan Gracy Singh Rachel Shelley Paul Blackthorne,"The year is 1893 and India is under British occupation. In a small village, the tyrannical Captain Russell has imposed an unprecedented land tax on its citizens. Outraged, Bhuvan, a rebellious farmer, rallies the villagers to publicly oppose the tax. Russell offers a novel way to settle the dispute: he challenges Bhuvan and his men to a game of cricket, a sport completely foreign to India. If Bhuvan and his men can defeat Russell's team, the tax will be repealed.",7.3,2001,https://image.tmdb.org/t/p/w500/yNX9lFRAFeNLNRIXdqZK9gYrYKa.jpg
7,PK,Comedy Drama Sci-Fi,Rajkumar Hirani,Aamir Khan Anushka Sharma Sushant Singh Rajput Boman Irani Saurabh Shukla,"A stranger in the city asks questions no one has asked before. Known only by his initials, the man's innocent questions and childlike curiosity take him on a journey of love, laughter and letting go.",7.7,2014,https://image.tmdb.org/t/p/w500/z2x2Y4tncefsIU7h82gmUM5vnBJ.jpg
8,Swades,Drama Musical,Ashutosh Gowariker,Shah Rukh Khan Gayatri Joshi Kishori Ballal Rajesh Vivek,A successful Indian scientist who works for NASA returns to an Indian village to find his childhood nanny and rediscovers his roots.,8.2,2004,https://image.tmdb.org/t/p/w500/yUSL24kpHc9Nls4Pohia4shgcIM.jpg
9,Chak De! India,Drama Sport,Shimit Amin,Shah Rukh Khan Vidya Malvade Sagarika Ghatge Shilpa Shukla,"A team of rag-tag girls with their own agenda form Team India competing for international fame in field hockey. Their coach, the ex-men's Indian National team captain, returns from a life of shame after being unjustly accused of match fixing in his last match. Can he give the girls the motivation required to win, while dealing with the shadows of his own past?",7.2,2007,https://image.tmdb.org/t/p/w500/mmFMgEsTRCAGAtwffGpuo3mJsxN.jpg
10,Hera Pheri,Action Comedy Crime,Priyadarshan,Akshay Kumar Suniel Shetty Paresh Rawal Tabu Om Puri,"Two tenants and a landlord, in desperate need of money, chance upon a ransom call via a cross connection. They hatch a plan to claim the ransom for themselves.",7.1,2000,https://image.tmdb.org/t/p/w500/23MKGUPT5laTStim4TaGhfgSltu.jpg
11,Phir Hera Pheri,Comedy Crime,Neeraj Vora,Akshay Kumar Suniel Shetty Paresh Rawal Bipasha Basu Rimi Sen Johnny Lever,"Raju,  Shyam and Baburao are living happily after having risen from rags to riches. However, they lose it all after falling victim to a chit fund scam due to their greed for more money. Soon, they find themselves in new mess and encounter eccentric and dangerous characters in their quest for a shortcut to riches again.",6.9,2006,https://image.tmdb.org/t/p/w500/c1Mvyd983ZyrU5Vf2aKEe6WncSq.jpg
12,Bhool Bhulaiyaa,Comedy Horror Mystery,Priyadarshan,Akshay Kumar Vidya Balan Ameesha Patel Shiney Ahuja Paresh Rawal,"NRI Siddharth Chaturvedi and his wife Avni return to Siddharth's family's ancestral Varanasi palace while disregarding warnings of a curse and paranormal phenomena. Soon enough, inexplicable events begin occuring, which forces Siddharth to consult the eccentric psychiatrist Aditya Shrivastav to help solve the mystery.",6.8,2007,https://image.tmdb.org/t/p/w500/r5p19XzY9g3j3whIXHGL1NKRTJf.jpg
13,Welcome,Comedy Crime Romance,Anees Bazmee,Akshay Kumar Katrina Kaif Nana Patekar Anil Kapoor Paresh Rawal Feroz Khan,"Once the booming home of pharmaceutical giant Umbrella Corporation, Raccoon City is now a dying Midwestern town. The company’s exodus left the city a wasteland…with great evil brewing below the surface. When that evil is unleashed, the townspeople are forever…changed…and a small group of survivors must work together to uncover the truth behind Umbrella and make it through the night.",5.9,2007,https://image.tmdb.org/t/p/w500/bArhvjRHl535XMaSh9VjInF2mSZ.jpg
14,Zindagi Na Milegi Dobara,Adventure Comedy Drama,Zoya Akhtar,Hrithik Roshan Farhan Akhtar Abhay Deol Katrina Kaif Kalki Koechlin,"Three friends who were inseparable in childhood decide to go on a three-week-long bachelor road trip to Spain, in order to re-establish their bond and explore thrilling adventures, before one of them gets married. What will they learn of themselves and each other during the adventure?",7.6,2011,https://image.tmdb.org/t/p/w500/hKO9O715wYxjkQSEv47giCYcyO8.jpg
15,Yeh Jawaani Hai Deewani,Comedy Drama Musical Romance,Ayan Mukerji,Ranbir Kapoor Deepika Padukone Aditya Roy Kapur Kalki Koechlin,"On a trekking trip, an introverted Naina falls for a charming ex-classmate, whose thirst for adventure drives them apart. Years later, their paths cross again.",7.3,2013,https://image.tmdb.org/t/p/w500/em39H81XLCDgXsI7V4IcBZseEO6.jpg
16,Barfi!,Comedy Drama Romance,Anurag Basu,Ranbir Kapoor Priyanka Chopra Ileana D'Cruz Saurabh Shukla,"The heartwarming tale of Barfi, a charming deaf-mute young man from 1970s Darjeeling, and two unalike women who can't help but fall for him.",7.6,2012,https://image.tmdb.org/t/p/w500/5cJIx2zKjDoUtPSliou23xsReb1.jpg
17,Rockstar,Drama Music Musical Romance,Imtiaz Ali,Ranbir Kapoor Nargis Fakhri Shammi Kapoor Kumud Mishra,"Agun overcomes his childhood stage fright to become a world-famous rockstar. But with fame comes addiction, heartbreak, imprisonment, and the devastating loss of his voice. Supported by Aslam's friendship and Meera's love, he struggles to rebuild his life, only to be shattered once again by another tragic incident.",3.0,2011,https://image.tmdb.org/t/p/w500/91YwoAfOtbhMtXFzPHmWOEz15Q8.jpg
18,Kabir Singh,Action Drama Romance,Sandeep Reddy Vanga,Shahid Kapoor Kiara Advani Arjan Bajwa Suresh Oberoi,"Kabir, a highly intelligent but short-tempered medical surgeon spirals into addiction after his intense relationship with his girlfriend turbulently ends.",6.4,2019,https://image.tmdb.org/t/p/w500/iHPF4rt8HTuDZzNH1L2FCiPzN48.jpg
19,Animal,Action Crime Drama,Sandeep Reddy Vanga,Ranbir Kapoor Anil Kapoor Bobby Deol Rashmika Mandanna Triptii Dimri,"A son's obsessive love for his distant father leads him down a violent path of bloodshed, vengeance, and extreme brutality.",6.2,2023,https://image.tmdb.org/t/p/w500/hr9rjR3J0xBBKmlJ4n3gHId9ccx.jpg
20,Gangs of Wasseypur,Action Comedy Crime Drama,Anurag Kashyap,Manoj Bajpayee Nawazuddin Siddiqui Richa Chadha Huma Qureshi Tigmanshu Dhulia,"In 1970s India, Sardar Khan vows to take revenge on the man who killed his father decades earlier.",7.1,2012,https://image.tmdb.org/t/p/w500/4nbvLoPDftqXV14w5Mv14iqgVrt.jpg
21,Andhadhun,Comedy Crime Drama Music Mystery Thriller,Sriram Raghavan,Ayushmann Khurrana Tabu Radhika Apte Anil Dhawan,A series of mysterious events changes the life of a blind pianist who now must report a crime that was actually never witnessed by him.,7.6,2018,https://image.tmdb.org/t/p/w500/dy3K6hNvwE05siGgiLJcEiwgpdO.jpg
22,Drishyam,Crime Drama Mystery Thriller,Nishikant Kamat,Ajay Devgn Tabu Shriya Saran Ishita Dutta Rajat Kapoor,"Years after outsmarting the police, Vijay Salgaonkar's past resurfaces when a new evidence threatens to expose his secret. As the investigation reopens, he must outwit the system once again to save his family.",8.0,2015,https://image.tmdb.org/t/p/w500/67FsF2kpgEZ1T5Qos4adgqm9dLf.jpg
23,Drishyam 2,Crime Drama Mystery Thriller,Abhishek Pathak,Ajay Devgn Tabu Akshaye Khanna Shriya Saran Ishita Dutta,"7 years after the case related to Vijay Salgaonkar and his family was closed, a series of unexpected events bring truth to light that threatens to change everything for the Salgaonkars. Can Vijay save his family this time?",8.0,2022,https://image.tmdb.org/t/p/w500/wk8Vu0DI0MiNLaXXiVqAwjLRKL5.jpg
24,A Wednesday,Action Crime Drama Mystery Thriller,Neeraj Pandey,Naseeruddin Shah Anupam Kher Jimmy Sheirgill Aamir Bashir,"Prakash Rathod, a retired police commissioner recounts the most memorable case of his career wherein he was informed about a bomb scare in Mumbai by an ordinary commoner.",7.0,2008,https://image.tmdb.org/t/p/w500/gVUSxtJM3arL5VIUIRNYde20EF0.jpg
25,Special 26,Action Crime Drama Mystery Thriller,Neeraj Pandey,Akshay Kumar Anupam Kher Manoj Bajpayee Jimmy Sheirgill Kajal Aggarwal,"During the 1980s in India, a group of con artists rob businessmen and politicians by conducting fake raids, posing as officers of the CBI or Income Tax Department . They plan to execute their biggest con as a final job while a relentless cop is on their trail.",7.3,2013,https://image.tmdb.org/t/p/w500/cOo6lOiZXO0zldPKsih9asKPWDo.jpg
26,Kahaani,Mystery Thriller,Sujoy Ghosh,Vidya Balan Parambrata Chatterjee Nawazuddin Siddiqui Saswata Chatterjee,"A pregnant woman's search for her missing husband brings her from London to Kolkata, but everyone she questions denies having ever met him.",8.1,2012,https://image.tmdb.org/t/p/w500/e2eQVOrdQ8k7yYjjHKHP2nlwbTu.jpg
27,Tumbbad,Drama Fantasy Horror Mystery,Rahi Anil Barve Anand Gandhi,Sohum Shah Jyoti Malshe Anita Date Ronjini Chakraborty,"India, 1918. On the outskirts of Tumbbad, a cursed village where it always rains, Vinayak, along with his mother and his brother, care of a mysterious old woman who keeps the secret of an ancestral treasure that Vinayak gets obsessed with.",7.6,2018,https://image.tmdb.org/t/p/w500/vzjZAKozbDplHWcQXbXo0APKxst.jpg
28,Stree,Comedy Horror,Amar Kaushik,Rajkummar Rao Shraddha Kapoor Pankaj Tripathi Aparshakti Khurana Abhishek Banerjee,"Set in the town of Chanderi, Stree is based on the urban legend of Nale Ba that went viral in Karnataka in the 1990s, and features Shraddha Kapoor and Rajkummar Rao in pivotal roles.",7.0,2018,https://image.tmdb.org/t/p/w500/euhgW6hpDYw7nxFDjqHn0eKvQPX.jpg
29,Stree 2,Comedy Horror,Amar Kaushik,Rajkummar Rao Shraddha Kapoor Pankaj Tripathi Aparshakti Khurana Abhishek Banerjee,"Following the events of 'Stree', the town of Chanderi is being haunted again. This time, women are mysteriously abducted by a terrifying headless entity. Once again, it's up to Vicky and friends to save their town and loved ones.",6.7,2024,https://image.tmdb.org/t/p/w500/nfnhwfUEFuSOxxf4jDdBlY6Lccw.jpg
30,Bhediya,Comedy Horror,Amar Kaushik,Varun Dhawan Kriti Sanon Abhishek Banerjee Deepak Dobriyal,"Inspired by legendary folklore rooted in Arunachal Pradesh, Bhediya tells the story of Bhaskar, a man who gets bitten by a mythical wolf and begins to transform into the creature himself. As Bhaskar and his ragtag buddies try to find answers, he is worried that the monster in him will wipe out human existence in the local town.",6.9,2022,https://image.tmdb.org/t/p/w500/iZtq44ZmxBW0E3tAeLG6UdJe9aj.jpg
31,Bajrangi Bhaijaan,Action Adventure Comedy Drama,Kabir Khan,Salman Khan Kareena Kapoor Nawazuddin Siddiqui Harshaali Malhotra,A young mute girl from Pakistan loses herself in India with no way to head back. A devoted man with a magnanimous spirit undertakes the task to get her back to her motherland and unite her with her family.,7.8,2015,https://image.tmdb.org/t/p/w500/vhlliI7HZZlWfo5d6CiyfBAGLrW.jpg
32,Sultan,Action Drama Sport,Ali Abbas Zafar,Salman Khan Anushka Sharma Randeep Hooda Amit Sadh,"The ageing wrestler Sultan Ali Khan decides to try his luck on the mat again; to do this, he wants to represent his country at the Olympic Games, but first has to overcome personal issues.",6.8,2016,https://image.tmdb.org/t/p/w500/oarT8LL2XE0aPU9kXqrD249Z4rM.jpg
33,Ek Tha Tiger,Action Romance Thriller,Kabir Khan,Salman Khan Katrina Kaif Ranvir Shorey Girish Karnad,A top Indian agent is sent to observe the actions of a scientist but the mission complicates when he falls in love with the scientist's Pakistani caretaker.,6.2,2012,https://image.tmdb.org/t/p/w500/jGTyeAH5KZuCX6Qat1VcTBXnqth.jpg
34,Tiger Zinda Hai,Action Adventure Thriller,Ali Abbas Zafar,Salman Khan Katrina Kaif Sajjad Delafrooz Angad Bedi Kumud Mishra,"When a group of Indian and Pakistani nurses are held hostage in Iraq by a terrorist organization, a renowned Indian secret agent is drawn out of hiding to rescue them.",6.2,2017,https://image.tmdb.org/t/p/w500/mdzNLFfCfuBoJz43l0SmMWWdu5t.jpg
35,Pathaan,Action Adventure Thriller,Siddharth Anand,Shah Rukh Khan Deepika Padukone John Abraham Dimple Kapadia Ashutosh Rana,An Indian RAW agent teams up with an exiled spy to stop a renegade private terrorist organisation from launching a deadly biological weapon on India.,5.9,2023,https://image.tmdb.org/t/p/w500/arf00BkwvXo0CFKbaD9OpqdE4Nu.jpg
36,Jawan,Action Thriller,Atlee,Shah Rukh Khan Nayanthara Vijay Sethupathi Deepika Padukone Priyamani,"An emotional journey of a prison warden, driven by a personal vendetta while keeping up to a promise made years ago, recruits inmates to commit outrageous crimes that shed light on corruption and injustice, in an attempt to get even with his past,  and that leads him to an unexpected reunion.",7.0,2023,https://image.tmdb.org/t/p/w500/jFt1gS4BGHlK8xt76Y81Alp4dbt.jpg
37,War,Action Adventure Thriller,Siddharth Anand,Hrithik Roshan Tiger Shroff Vaani Kapoor Ashutosh Rana,"As the Avengers and their allies have continued to protect the world from threats too large for any one hero to handle, a new danger has emerged from the cosmic shadows: Thanos. A despot of intergalactic infamy, his goal is to collect all six Infinity Stones, artifacts of unimaginable power, and use them to inflict his twisted will on all of reality. Everything the Avengers have fought for has led up to this moment - the fate of Earth and existence itself has never been more uncertain.",8.2,2019,https://image.tmdb.org/t/p/w500/7WsyChQLEftFiDOVTGkv3hFpyyt.jpg
38,Dhoom 2,Action Crime Thriller,Sanjay Gadhvi,Hrithik Roshan Abhishek Bachchan Aishwarya Rai Bachchan Uday Chopra Bipasha Basu,"Jai and Ali return, this time on the trail of an international thief who steals priceless artifacts and has chosen Mumbai as his next target.",6.6,2006,https://image.tmdb.org/t/p/w500/3zJLnrP9g9LSMpX5C1wau49gGUv.jpg
39,Krrish,Action Sci-Fi,Rakesh Roshan,Hrithik Roshan Priyanka Chopra Naseeruddin Shah Rekha,"In Singapore, Krishna is forced by circumstances to use his superpowers and become a masked superhero named Krrish, before getting drawn towards his lost legacy.",6.5,2006,https://image.tmdb.org/t/p/w500/Apd4UKesyTmpDutEjNVHP45kvBi.jpg
40,Koi... Mil Gaya,Action Drama Fantasy Sci-Fi,Rakesh Roshan,Hrithik Roshan Preity Zinta Rekha Rajat Bedi,A developmentally disabled boy's life changes after he encounters an extraterrestrial being.,7.0,2003,https://image.tmdb.org/t/p/w500/2iJVauDYcYxRRGciTmAOSjiATf9.jpg
41,Queen,Adventure Comedy Drama,Vikas Bahl,Kangana Ranaut Rajkummar Rao Lisa Haydon Mish Boyko,"When Heterosis, a mysterious virus that turns gay men straight, sweeps through the Parisian gay scene, Jim, the six-packed sovereign of the Gym Queens, goes from Pride royalty to social outcast. With only Lucien, a freshly-out twink with more heart than abs, still by his side, Jim must race to find a cure before the disease erases the community that once worshipped him.",7.9,2013,https://image.tmdb.org/t/p/w500/nvmGrOzolKlW1z90rLudSjPm9cG.jpg
42,Jab We Met,Comedy Drama Romance Musical,Imtiaz Ali,Shahid Kapoor Kareena Kapoor Tarun Arora Dara Singh,A depressed wealthy businessman and a spunky carefree young woman embark on an unexpected journey that changes their lives.,7.3,2007,https://image.tmdb.org/t/p/w500/sQ7A7jyTbkK90vjd8yCRuoyL9CK.jpg
43,Raazi,Action Drama Thriller,Meghna Gulzar,Alia Bhatt Vicky Kaushal Rajit Kapoor Shishir Sharma,An Indian spy is married to a Pakistani military officer during the Indo-Pakistani War of 1971.,7.2,2018,https://image.tmdb.org/t/p/w500/l9VJoRj0CYBURsnetvazq73FOfz.jpg
44,Uri: The Surgical Strike,Action Drama War,Aditya Dhar,Vicky Kaushal Paresh Rawal Yami Gautam Mohit Raina Kirti Kulhari,Indian army special forces execute a covert strike against militant operational bases across the border to avenge a terrorist attack.,8.2,2019,https://image.tmdb.org/t/p/w500/yNySAgpAnWmPpYinim9E0tUzJWG.jpg
45,Sanju,Biography Drama,Rajkumar Hirani,Ranbir Kapoor Paresh Rawal Manisha Koirala Vicky Kaushal Anushka Sharma,Sanju explores some of the most crucial chapters from movie star Sanjay Dutt’s dramatic and controversial real life. It gives a lowdown on his tryst with drugs and his trials and tribulations in the Arms Acts case and the 1993 Mumbai blasts.,7.2,2018,https://image.tmdb.org/t/p/w500/q1wkN4VQuBTj1AeyTLLz2w6awMA.jpg
46,Munna Bhai M.B.B.S.,Comedy Drama Musical,Rajkumar Hirani,Sanjay Dutt Arshad Warsi Gracy Singh Boman Irani Sunil Dutt,A gangster sets out to fulfill his father's dream of becoming a doctor.,7.2,2003,https://image.tmdb.org/t/p/w500/OjJ2eZFMr0InHxjYCQXwxDoo4v.jpg
47,Lage Raho Munna Bhai,Comedy Drama Musical,Rajkumar Hirani,Sanjay Dutt Arshad Warsi Vidya Balan Boman Irani Dilip Prabhavalkar,"Lovable goon Munna falls for a morning radio host by the name of Jahnvi, who also runs an elders' home which an unscrupulous builder seeks to attain. In order to gain Jahnvi’s attention, he cheats his way to winning a Mahatma Gandhi radio quiz. When Jahnvi consequently expresses interest in Munna, he and his best friend Circuit attempt to keep up the facade.",7.3,2006,https://image.tmdb.org/t/p/w500/lgSn1tXDstMXSHJYkSibKkHqW8y.jpg
48,Bajirao Mastani,Action Drama History Romance,Sanjay Leela Bhansali,Ranveer Singh Deepika Padukone Priyanka Chopra Tanvi Azmi,"Peshwa Bajirao married to Kashibai, falls in love with Mastani, a warrior princess in distress. They struggle to make their love triumph amid opposition from his conservative family.",7.2,2015,https://image.tmdb.org/t/p/w500/eXKHjELZAbF7cVd9fzYMhvSsXDI.jpg
49,Padmaavat,Drama History Romance War,Sanjay Leela Bhansali,Deepika Padukone Ranveer Singh Shahid Kapoor Aditi Rao Hydari,"Rajputana, India, 13th century. The tyrannical usurper Alauddin Khilji, sultan of Delhi, becomes obsessed with Queen Padmavati, wife of King Ratan Singh of Mewar, and goes to great lengths to satisfy his greed for her.",6.9,2018,https://image.tmdb.org/t/p/w500/5kk71s8Vmvt8XQOojevhTA5QcB0.jpg
50,Goliyon Ki Raasleela Ram-Leela,Drama Musical Romance,Sanjay Leela Bhansali,Ranveer Singh Deepika Padukone Supriya Pathak Richa Chadha,"A repeatedly unlucky man finally finds the woman of his dreams, only for an unexpected twist to challenge his understanding of love and commitment.",5.0,2013,https://image.tmdb.org/t/p/w500/j1X0t57PguWBcaa8LAOaAHGyjcK.jpg
51,Baahubali: The Beginning,Action Drama Fantasy,S.S. Rajamouli,Prabhas Rana Daggubati Anushka Shetty Tamannaah Bhatia Ramya Krishnan Sathyaraj,"The young Shivudu is left as a foundling in a small village by his mother. By the time he’s grown up, it has become apparent that he possesses exceptional gifts. He meets the beautiful warrior princess Avanthika and learns that her queen has been held captive for the last 25 years. Shividu sets off to rescue her, discovering his own origins in the process.",7.6,2015,https://image.tmdb.org/t/p/w500/9BAjt8nSSms62uOVYn1t3C3dVto.jpg
52,Baahubali 2: The Conclusion,Action Drama Fantasy,S.S. Rajamouli,Prabhas Rana Daggubati Anushka Shetty Tamannaah Bhatia Ramya Krishnan Sathyaraj,"When Mahendra, the son of Bāhubali, learns about his heritage, he begins to look for answers. His story is juxtaposed with past events that unfolded in the Mahishmati Kingdom.",7.5,2017,https://image.tmdb.org/t/p/w500/21sC2assImQIYCEDA84Qh9d1RsK.jpg
53,RRR,Action Drama,S.S. Rajamouli,N.T. Rama Rao Jr. Ram Charan Ajay Devgn Alia Bhatt Shriya Saran,A fictional history of two legendary revolutionaries' journey away from home before they began fighting for their country in the 1920s.,7.7,2022,https://image.tmdb.org/t/p/w500/wE0I6efAW4cDDmZQWtwZMOW44EJ.jpg
54,K.G.F: Chapter 1,Action Crime Drama,Prashanth Neel,Yash Srinidhi Shetty Ramachandra Raju Anant Nag,"A period drama set in the 1970s, KGF follows the story of a fierce rebel who rises against the brutal oppression in Kolar Gold Fields and becomes the symbol of hope to legions of downtrodden people.",7.5,2018,https://image.tmdb.org/t/p/w500/ltHlJwvxKv7d0ooCiKSAvfwV9tX.jpg
55,K.G.F: Chapter 2,Action Crime Drama,Prashanth Neel,Yash Sanjay Dutt Raveena Tandon Srinidhi Shetty Prakash Raj,"The blood-soaked land of Kolar Gold Fields (KGF) has a new overlord now - Rocky, whose name strikes fear in the heart of his foes. His allies look up to Rocky as their Savior, the government sees him as a threat to law and order; enemies are clamoring for revenge and conspiring for his downfall. Bloodier battles and darker days await as Rocky continues on his quest for unchallenged supremacy.",7.4,2022,https://image.tmdb.org/t/p/w500/khNVygolU0TxLIDWff5tQlAhZ23.jpg
56,Kantara,Action Adventure Drama Mystery Thriller,Rishab Shetty,Rishab Shetty Sapthami Gowda Kishore Achyuth Kumar,"Shiva, a tribal vagabond lives with his mother in hamlet, stays away from the traditional Daivaradhane and Bhoota Kola legacy due to an unforgettable childhood incident. He is happy loafing around with his friends and doing petty jobs for his landlord. When Forest officer Murali enters the scene, it gives a fresh dimension to the man-vs-nature fight. Can Shiva save the forest from Murali? Or is Murali just a dummy bait cast by bigger fish?",7.2,2022,https://image.tmdb.org/t/p/w500/jIsKmkxMzdCZ0Ux1GVSnu8m6Na6.jpg
57,Pushpa: The Rise,Action Crime Drama,Sukumar,Allu Arjun Rashmika Mandanna Fahadh Faasil Sunil Ajay Ghosh,"As Pushpa, a labourer, rises in the world of red sandalwood smuggling, he ends up making many enemies. However, violence ensues when the police try to topple his illegal business.",6.8,2021,https://image.tmdb.org/t/p/w500/h6Pd89ngvl9quPVsx3KoJlQsvk9.jpg
58,Kalki 2898 AD,Action Adventure Sci-Fi,Nag Ashwin,Prabhas Amitabh Bachchan Kamal Haasan Deepika Padukone Disha Patani,"In the year 2898 AD, around 6000 years after Kurukshetra war, Ashwatthama gears up for his final battle of redemption at the sign of hope in a dystopian world and Bhairava, a wisecracking and self-interested bounty hunter, tired of the perilous life becomes the hurdle in the process.",6.4,2024,https://image.tmdb.org/t/p/w500/rstcAnBeCkxNQjNp3YXrF6IP1tW.jpg
59,Karan Arjun,Action Drama Fantasy,Rakesh Roshan,Salman Khan Shah Rukh Khan Rakhee Gulzar Kajol Mamta Kulkarni Amrish Puri,Karan and Arjun reincarnate in the different parts of the country. But the faith of their previous mother brings them together in order to avenge their death.,6.7,1995,https://image.tmdb.org/t/p/w500/uYhjsC9gCKhxiG2enkCJgdLOXjB.jpg
60,Kuch Kuch Hota Hai,Comedy Drama Musical Romance,Karan Johar,Shah Rukh Khan Kajol Rani Mukerji Salman Khan Sana Saeed,"Per her mother's last wish, an 8 year old girl sets out to reunite her father with his college best friend who was in love with him.",7.5,1998,https://image.tmdb.org/t/p/w500/5FmtHHDGPofW5Zjns1EM1D8503c.jpg
61,Kabhi Khushi Kabhie Gham,Drama Musical Romance,Karan Johar,Shah Rukh Khan Kajol Amitabh Bachchan Jaya Bachchan Hrithik Roshan Kareena Kapoor,"Years after his father disowns his adopted brother for marrying a woman of lower social standing, a young man goes on a mission to reunite his family.",7.7,2001,https://image.tmdb.org/t/p/w500/eJrD94E1msYEa0DygvkvdEKpChm.jpg
62,Kal Ho Naa Ho,Comedy Drama Romance Musical,Nikkhil Advani,Shah Rukh Khan Preity Zinta Saif Ali Khan Jaya Bachchan,An uptight MBA student falls for the charismatic new neighbor who charms her troubled family – but he has a secret that forces him to push her away.,7.5,2003,https://image.tmdb.org/t/p/w500/zhMI6I0kSLnewTMwE0A8Tz3Cj2f.jpg
63,Chup Chup Ke,Comedy Drama Romance,Priyadarshan,Shahid Kapoor Kareena Kapoor Paresh Rawal Rajpal Yadav Suniel Shetty,"After surviving a suicide attempt in which his family and fellow villagers believe he drowned, a debt-ridden man decides to start his life afresh in another village. He pretends to be mute and starts working for a rich man where he falls in love with his mute daughter.",6.3,2006,https://image.tmdb.org/t/p/w500/daXoADAtEPis5bBvSrXVWfRa77X.jpg
64,Dhamaal,Action Adventure Comedy,Indra Kumar,Sanjay Dutt Riteish Deshmukh Arshad Warsi Aashish Chaudhary Javed Jaffrey,"The Dhamaal boys are back for another treasure hunt, facing hilarious challenges in their quest for the Treasure of Life.",4.1,2007,https://image.tmdb.org/t/p/w500/oVij5aEEE6iI4PxB4i0CgKp8h0m.jpg
65,Golmaal: Fun Unlimited,Action Comedy Drama,Rohit Shetty,Ajay Devgn Arshad Warsi Sharman Joshi Tusshar Kapoor Paresh Rawal,Four runaway cons take shelter in a bungalow owned by an old blind couple.,6.8,2006,https://image.tmdb.org/t/p/w500/3ubefqLk26Gy0lXCfGIu8hQrBak.jpg
66,Article 15,Crime Drama Mystery,Anubhav Sinha,Ayushmann Khurrana Nassar Manoj Pahwa Kumud Mishra Isha Talwar Sayani Gupta,A newly appointed upright IPS officer is sent to a rural district where he investigates the disappearance and brutal murder of three teenage girls belonging to an oppressed caste.,8.1,2019,https://image.tmdb.org/t/p/w500/puyn1J1NOTG7P2dYxpOIl1583yf.jpg
67,Badhaai Ho,Comedy Drama,Amit Ravindernath Sharma,Ayushmann Khurrana Sanya Malhotra Neena Gupta Gajraj Rao Surekha Sikri,A 25-year-old man tries to suppress his embarrassment when his mother announces that she is pregnant.,7.3,2018,https://image.tmdb.org/t/p/w500/xZdzzPodAD2f5RuBN3nmd1Z59r9.jpg
68,Bala,Comedy Drama,Amar Kaushik,Ayushmann Khurrana Bhumi Pednekar Yami Gautam Saurabh Shukla,"Gloria finds a power she never knew she had when she is drawn into a dangerous world of cross-border crime. Surviving will require all of her cunning, inventiveness, and strength.",6.3,2019,https://image.tmdb.org/t/p/w500/ae9yrSAS7nLZPbbkOm61pSuIqeo.jpg
69,Bareilly Ki Barfi,Comedy Romance,Ashwiny Iyer Tiwari,Ayushmann Khurrana Kriti Sanon Rajkummar Rao Pankaj Tripathi,"Bitti Mishra is a bohemian Bareilly girl who falls deeply in love with Pritam Vidrohi, an author because she admires his progressive way of thinking. Finding him though proves to be as hard as looking for a needle in the haystack. So Bitti seeks the help of the local printing press-owner, Chirag Dubey on her journey of love.",6.9,2017,https://image.tmdb.org/t/p/w500/gviYC7rpJ4HWbbEFs0ZW5u965Tq.jpg
70,Gangs of Wasseypur 2,Action Comedy Crime Drama,Anurag Kashyap,Nawazuddin Siddiqui Richa Chadha Huma Qureshi Zeishan Quadri Rajkummar Rao Pankaj Tripathi,"After the death of his father and brother Danish, Faizal Khan vows to take revenge by destroying Ramadhir Singh's gang.",7.8,2012,https://image.tmdb.org/t/p/w500/4CVPyT10Cvw9BCgWNKXiRcXntuc.jpg
